{
    "Mission Time": {
        "start": "19700101 000000000"
    },
    "Target1": [
        {
            "0": {
                "direction": true,
                "x": 0.0617160223,
                "y": -0.0034484787,
                "r": 0.0618122918,
                "timestamp": "19700101 000433992"
            }
        }
    ],
    "Target2": [
        {
            "0": {
                "direction": true,
                "x": -0.492780963,
                "y": 0.9826233774,
                "r": 1.099264199,
                "timestamp": "19700101 000503216"
            },
            "1": {
                "direction": true,
                "x": -0.4941030306,
                "y": 0.9823161809,
                "r": 1.0995830501,
                "timestamp": "19700101 000504200"
            },
            "2": {
                "direction": true,
                "x": -0.4950024926,
                "y": 0.9822468913,
                "r": 1.0999256444,
                "timestamp": "19700101 000505160"
            },
            "3": {
                "direction": true,
                "x": -0.4952054777,
                "y": 0.9823964733,
                "r": 1.1001505787,
                "timestamp": "19700101 000506144"
            },
            "4": {
                "direction": true,
                "x": -0.4951482157,
                "y": 0.9826666993,
                "r": 1.1003661197,
                "timestamp": "19700101 000507160"
            },
            "5": {
                "direction": true,
                "x": -0.4952414493,
                "y": 0.9826698847,
                "r": 1.1004109212,
                "timestamp": "19700101 000508168"
            },
            "6": {
                "direction": true,
                "x": -0.4951413157,
                "y": 0.9828162571,
                "r": 1.1004965778,
                "timestamp": "19700101 000509128"
            },
            "7": {
                "direction": true,
                "x": -0.4952036524,
                "y": 0.9828200231,
                "r": 1.1005279893,
                "timestamp": "19700101 000510144"
            },
            "8": {
                "direction": true,
                "x": -0.4951311561,
                "y": 0.9829238849,
                "r": 1.100588127,
                "timestamp": "19700101 000511128"
            },
            "9": {
                "direction": true,
                "x": -0.495107596,
                "y": 0.982917423,
                "r": 1.1005717569,
                "timestamp": "19700101 000512120"
            }
        }
    ],
    "Point-1": {
        "try": true,
        "success": true,
        "timestamp": "19700101 000432008"
    },
    "Report": {
        "try": false,
        "success": false
    },
    "Illegal": false
}